"@odata.etag","nycsr_admininterventiontype@OData.Community.Display.V1.FormattedValue","nycsr_admininterventiontype","nycsr_caseid","nycsr_interventionenddate@OData.Community.Display.V1.FormattedValue","nycsr_interventionenddate","nycsr_casenumber","nycsr_interventionstartdate@OData.Community.Display.V1.FormattedValue","nycsr_interventionstartdate","nycsr_building.nycsr_address","nycsr_building.nycsr_latitude@OData.Community.Display.V1.FormattedValue","nycsr_building.nycsr_latitude","nycsr_building.nycsr_buildingid","nycsr_building.nycsr_borough@OData.Community.Display.V1.FormattedValue","nycsr_building.nycsr_borough","nycsr_building.nycsr_longitude@OData.Community.Display.V1.FormattedValue","nycsr_building.nycsr_longitude","nycsr_building.nycsr_geographicaldistrictcode","nycsr_building.nycsr_buildingname","nycsr_locationsite.nycsr_sitename"
"W/""307204917""","Classroom Closed",882450000,"9abe7f5f-150b-ec11-94ef-001dd830508c","9/10/2021","2021-09-10T04:00:00Z","048584","9/4/2021","2021-09-04T04:00:00Z","6565 FLATLANDS AVENUE","40,634,451.000000",40634451,"6d2b3eee-30f4-ea11-b882-24ee9a37d45c","Brooklyn",882450002,"-73,916,927.000000",-73916927,"18","SOUTH SHORE EDUCATIONAL CAMPUS - K","Leadership Preparatory Ocean Hill Charter School - K775 - K515 - 84K775 - 6565 FLATLANDS AVENUE"
"W/""306835420""","Classroom Closed",882450000,"4c6c01b5-290b-ec11-94ef-001dd830508c","9/10/2021","2021-09-10T04:00:00Z","048586","9/2/2021","2021-09-02T04:00:00Z","58-20 UTOPIA PARKWAY","40,740,875.000000",40740875,"bcb66262-32f4-ea11-b882-24ee9a37d45c","Queens",882450003,"-73,795,049.000000",-73795049,"26","FRANCIS LEWIS HS - Q","Francis Lewis High School - Q430 - Q430 - 26Q430 - 58-20 UTOPIA PARKWAY"
"W/""307361745""","Classroom Closed",882450000,"da4d2512-b00c-ec11-94ef-001dd830521c","9/12/2021","2021-09-12T04:00:00Z","048654","9/6/2021","2021-09-06T04:00:00Z","655 PARKSIDE AVENUE","40,656,423.000000",40656423,"dfc1392a-30f4-ea11-b882-24ee9a37d45c","Brooklyn",882450002,"-73,951,575.000000",-73951575,"17","I.S. 2 - BROOKLYN","Explore Charter School - K704 - K002 - 84K704 - 655 PARKSIDE AVENUE"
"W/""307604752""","Classroom Closed",882450000,"2f8a05ef-da0c-ec11-94ef-001dd830521c","9/10/2021","2021-09-10T04:00:00Z","048683","9/4/2021","2021-09-04T04:00:00Z","70 Tompkins Avenue","40,696,698.000000",40696698,"eb1aad3c-30f4-ea11-b882-24ee9a37d45c","Brooklyn",882450002,"-73,947,557.000000",-73947557,"14","I.S. 33 - BROOKLYN","Success Academy Charter School - Bed-Stuy 1 - K367 - K033 - 84K367 - 70 Tompkins Avenue"
"W/""307254606""","Classroom Closed",882450000,"a979ca02-e50c-ec11-94ef-001dd830521c","9/12/2021","2021-09-12T04:00:00Z","048687","9/4/2021","2021-09-04T04:00:00Z","1100 ELM AVENUE","40,616,310.000000",40616310,"fdb98b86-30f4-ea11-b882-24ee9a37d45c","Brooklyn",882450002,"-73,963,026.000000",-73963026,"21","P.S. 199 - BROOKLYN","P.S. 199 Frederick Wachtel - K199 - K199 - 21K199 - 1100 ELM AVENUE"
"W/""306835414""","Classroom Closed",882450000,"9c9a142c-210b-ec11-94ef-001dd8305286","9/10/2021","2021-09-10T04:00:00Z","048585","9/2/2021","2021-09-02T04:00:00Z","977 FOX STREET","40,822,056.000000",40822056,"fd77931f-33f4-ea11-b882-24ee9a37d45c","Bronx",882450001,"-73,894,368.000000",-73894368,"12","I.S. 216 - BRONX","South Bronx Classical Charter School - X346 - X116 - 84X346 - 977 FOX STREET"
"W/""306835463""","Classroom Closed",882450000,"7824d457-390b-ec11-94ef-001dd8305286","9/10/2021","2021-09-10T04:00:00Z","048594","9/2/2021","2021-09-02T04:00:00Z","120 West  30 Street","40,747,425.000000",40747425,"f7ed94c3-31f4-ea11-b882-24ee9a37d45c","Manhattan",882450000,"-73,990,562.000000",-73990562,"2","SATELLITE ACADEMY - MANHATTAN","Satellite Academy High School - M570 - M920 - 02M570 - 120 West  30 Street"
"W/""307043640""","Classroom Closed",882450000,"79c3740d-eb0b-ec11-94ef-001dd8305286","9/11/2021","2021-09-11T04:00:00Z","048615","9/3/2021","2021-09-03T04:00:00Z","125 COVERT STREET","40,688,647.000000",40688647,"99283fb1-30f4-ea11-b882-24ee9a37d45c","Brooklyn",882450002,"-73,910,589.000000",-73910589,"32","I.S. 296 - BROOKLYN","Achievement First Bushwick Charter School - K538 - K296 - 84K538 - 125 COVERT STREET"
"W/""307204953""","Classroom Closed",882450000,"9ec6f5b3-220c-ec11-94ef-001dd8305286","9/11/2021","2021-09-11T04:00:00Z","048647","9/4/2021","2021-09-04T04:00:00Z","832 MARCY AVENUE","40,684,654.000000",40684654,"050ae2e1-30f4-ea11-b882-24ee9a37d45c","Brooklyn",882450002,"-73,947,873.000000",-73947873,"13","BOYS HS (OLD) - K","Leadership Prep Bedford Stuyvesant Uncommon Prep Charter School - K517 - K458 - 84K517 - 832 MARCY AVENUE"
"W/""307972323""","Classroom Closed",882450000,"8418a9a8-a80c-ec11-94ef-001dd8305286","9/11/2021","2021-09-11T04:00:00Z","048649","9/4/2021","2021-09-04T04:00:00Z","301 VERMONT STREET","40,671,601.000000",40671601,"8a283fb1-30f4-ea11-b882-24ee9a37d45c","Brooklyn",882450002,"-73,893,319.000000",-73893319,"19","I.S. 292 - BROOKLYN","Achievement First Apollo Charter School - K774 - K292 - 84K774 - 301 VERMONT STREET"
"W/""307204963""","Classroom Closed",882450000,"da62251b-ac0c-ec11-94ef-001dd8305286","9/11/2021","2021-09-11T04:00:00Z","048653","9/4/2021","2021-09-04T04:00:00Z","456 WHITE PLAINS ROAD","40,815,043.000000",40815043,"2a2ed53d-33f4-ea11-b882-24ee9a37d45c","Bronx",882450001,"-73,856,070.000000",-73856070,"8","I.S. 174 - BRONX","Archimedes Academy for Math, Science and Technology Applications - X367 - X174 - 08X367 - 456 WHITE PLAINS ROAD"
"W/""307204968""","Classroom Closed",882450000,"aa0c0ca1-b00c-ec11-94ef-001dd8305286","9/12/2021","2021-09-12T04:00:00Z","048655","9/4/2021","2021-09-04T04:00:00Z","1060 WILLOWBROOK ROAD","40,602,779.000000",40602779,"380410ca-32f4-ea11-b882-24ee9a37d45c","Staten Island",882450004,"-74,137,259.000000",-74137259,"31","P.S. 54 - STATEN ISLAND","P.S. 054 Charles W. Leng - R054 - R054 - 31R054 - 1060 WILLOWBROOK ROAD"
"W/""307204983""","Classroom Closed",882450000,"7c757d39-b30c-ec11-94ef-001dd8305286","9/11/2021","2021-09-11T04:00:00Z","048659","9/4/2021","2021-09-04T04:00:00Z","1307 GREENE AVENUE","40,698,513.000000",40698513,"45de261e-4afb-ea11-b883-24ee9a37d459",,,"-73,919,509.000000",-73919509,"32","New Life Child Development Center 4","NEW LIFE HEAD START Site 2 - KBEB - KBEB -  - 1307 GREENE AVENUE"
"W/""307204988""","Classroom Closed",882450000,"98567d64-b30c-ec11-94ef-001dd8305286","9/10/2021","2021-09-10T04:00:00Z","048660","9/4/2021","2021-09-04T04:00:00Z","442 EAST HOUSTON STREET","40,719,888.000000",40719888,"4b507380-31f4-ea11-b882-24ee9a37d45c","Manhattan",882450000,"-73,977,380.000000",-73977380,"1","P.S. 188 - MANHATTAN","Girls Preparatory Charter School of New York - M330 - M188 - 84M330 - 442 EAST HOUSTON STREET"
"W/""307606073""","Classroom Closed",882450000,"860581f7-c10c-ec11-94ef-001dd8305286","9/11/2021","2021-09-11T04:00:00Z","048666","9/4/2021","2021-09-04T04:00:00Z","99 AVENUE P","40,608,135.000000",40608135,"c10d3c5b-30f4-ea11-b882-24ee9a37d45c","Brooklyn",882450002,"-73,984,985.000000",-73984985,"21","I.S. 96 - BROOKLYN","Success Academy Charter School - Bensonhurst - New York 3 - K772 - K096 - 84K772 - 99 AVENUE P"
"W/""307610977""","Classroom Closed",882450000,"3c238f81-c30c-ec11-94ef-001dd8305286","9/11/2021","2021-09-11T04:00:00Z","048668","9/4/2021","2021-09-04T04:00:00Z","215 WEST 114 STREET","40,802,610.000000",40802610,"8841e65b-31f4-ea11-b882-24ee9a37d45c","Manhattan",882450000,"-73,954,152.000000",-73954152,"3","I.S. 88 - MANHATTAN","Success Academy Charter School - Harlem 1 - M351 - M088 - 84M351 - 215 WEST 114 STREET"
"W/""307205049""","Classroom Closed",882450000,"78924c52-cd0c-ec11-94ef-001dd8305286","9/11/2021","2021-09-11T04:00:00Z","048676","9/4/2021","2021-09-04T04:00:00Z","2021 BERGEN STREET","40,674,456.000000",40674456,"32eabc42-30f4-ea11-b882-24ee9a37d45c","Brooklyn",882450002,"-73,912,685.000000",-73912685,"23","I.S. 55 - BROOKLYN","Achievement First Brownsville Charter School - K626 - K055 - 84K626 - 2021 BERGEN STREET"
"W/""306550111""","Classroom Closed",882450000,"6dbbc544-760a-ec11-94ef-001dd8305a25","9/10/2021","2021-09-10T04:00:00Z","048575","9/1/2021","2021-09-01T04:00:00Z","1110 BOSTON ROAD","40,827,455.000000",40827455,"82e03d56-33f4-ea11-b882-24ee9a37d45c","Bronx",882450001,"-73,903,920.000000",-73903920,"9","MORRIS HS - X","High School for Violin and Dance - X543 - X400 - 09X543 - 1110 BOSTON ROAD"
"W/""306835425""","Classroom Closed",882450000,"54f43c89-2a0b-ec11-94ef-001dd8305a25","9/10/2021","2021-09-10T04:00:00Z","048587","9/2/2021","2021-09-02T04:00:00Z","168 HOOKER PLACE","40,631,165.000000",40631165,"67fdc1bd-32f4-ea11-b882-24ee9a37d45c","Staten Island",882450004,"-74,144,599.000000",-74144599,"31","P.S. 21 - STATEN ISLAND","P.S. 21 Margaret Emery-Elm Park - R021 - R021 - 31R021 - 168 HOOKER PLACE"
"W/""306842866""","Classroom Closed",882450000,"bd8d0391-2c0b-ec11-94ef-001dd8305a25","9/10/2021","2021-09-10T04:00:00Z","048588","9/2/2021","2021-09-02T04:00:00Z","144-176 EAST 128 STREET","40,805,653.000000",40805653,"38767649-31f4-ea11-b882-24ee9a37d45c","Manhattan",882450000,"-73,935,461.000000",-73935461,"5","P.S. 30 - MANHATTAN","Success Academy Charter School - Harlem 2 - M384 - M030 - 84M384 - 144-176 EAST 128 STREET"
"W/""306992398""","Classroom Closed",882450000,"1410bb0d-3d0b-ec11-94ef-001dd8305a25","9/11/2021","2021-09-11T04:00:00Z","048596","9/3/2021","2021-09-03T04:00:00Z","188 ROCHESTER AVENUE","40,672,710.000000",40672710,"08ba8b86-30f4-ea11-b882-24ee9a37d45c","Brooklyn",882450002,"-73,928,917.000000",-73928917,"17","I.S. 394 - BROOKLYN","Explore Empower Charter School - K742 - K210 - 84K742 - 188 ROCHESTER AVENUE"
"W/""306992409""","Classroom Closed",882450000,"6dc5c91f-5a0b-ec11-94ef-001dd8305a25","9/10/2021","2021-09-10T04:00:00Z","048611","9/3/2021","2021-09-03T04:00:00Z","120 WEST  46 STREET","40,757,626.000000",40757626,"7507e99e-31f4-ea11-b882-24ee9a37d45c","Manhattan",882450000,"-73,983,460.000000",-73983460,"2","J. K. ONASSIS HS FOR INT CAREERS-M","Jacqueline Kennedy Onassis High School - M529 - M486 - 02M529 - 120 WEST  46 STREET"
"W/""307569565""","Classroom Closed",882450000,"bf6f3449-ee0b-ec11-94ef-001dd8305a25","9/11/2021","2021-09-11T04:00:00Z","048617","9/3/2021","2021-09-03T04:00:00Z","2351 FIRST AVENUE","40,799,265.000000",40799265,"c6c88e4f-31f4-ea11-b882-24ee9a37d45c","Manhattan",882450000,"-73,933,740.000000",-73933740,"4","I.S. 45 - MANHATTAN","Harlem Village Academy East Charter School - M335 - M045 - 84M335 - 2351 FIRST AVENUE"
"W/""306992464""","Classroom Closed",882450000,"441f3ac6-ff0b-ec11-94ef-001dd8305a25","9/11/2021","2021-09-11T04:00:00Z","048628","9/3/2021","2021-09-03T04:00:00Z","1-35 57 Avenue","40,738,864.000000",40738864,"8ca87f90-5a04-ec11-b8b4-24ee9a37d45c",,,"-73,960,836.000000",-73960836,"30","P.S. 000 (PARCEL F) - QUEENS","Hunters Point Elementary School - Q384 - Q375 - 30Q384 - 1-35 57 Avenue"
"W/""307204973""","Classroom Closed",882450000,"1f246b88-b20c-ec11-94ef-001dd8305a25","9/10/2021","2021-09-10T04:00:00Z","048657","9/4/2021","2021-09-04T04:00:00Z","3750 BAYCHESTER AVENUE","40,886,002.000000",40886002,"a32aa42b-33f4-ea11-b882-24ee9a37d45c","Bronx",882450001,"-73,839,682.000000",-73839682,"11","I.S. 142 - BRONX","Bronx Alliance Middle School - X355 - X142 - 11X355 - 3750 BAYCHESTER AVENUE"
"W/""307204993""","Classroom Closed",882450000,"c9cd3a9e-b70c-ec11-94ef-001dd8305a25","9/11/2021","2021-09-11T04:00:00Z","048661","9/4/2021","2021-09-04T04:00:00Z","800 GATES AVENUE","40,687,970.000000",40687970,"aae657bd-30f4-ea11-b882-24ee9a37d45c","Brooklyn",882450002,"-73,932,066.000000",-73932066,"16","I.S. 324 - BROOKLYN","Bedford Stuyvesant Collegiate Charter School - K648 - K324 - 84K648 - 800 GATES AVENUE"
"W/""307205028""","Classroom Closed",882450000,"4b0b002e-c40c-ec11-94ef-001dd8305a25","9/11/2021","2021-09-11T04:00:00Z","048669","9/4/2021","2021-09-04T04:00:00Z","2021 BERGEN STREET","40,674,456.000000",40674456,"32eabc42-30f4-ea11-b882-24ee9a37d45c","Brooklyn",882450002,"-73,912,685.000000",-73912685,"23","I.S. 55 - BROOKLYN","Achievement First Brownsville Charter School - K626 - K055 - 84K626 - 2021 BERGEN STREET"
"W/""307205033""","Classroom Closed",882450000,"b81c5a2d-c50c-ec11-94ef-001dd8305a25","9/10/2021","2021-09-10T04:00:00Z","048670","9/4/2021","2021-09-04T04:00:00Z","2021 BERGEN STREET","40,674,456.000000",40674456,"32eabc42-30f4-ea11-b882-24ee9a37d45c","Brooklyn",882450002,"-73,912,685.000000",-73912685,"23","I.S. 55 - BROOKLYN","Achievement First Brownsville Charter School - K626 - K055 - 84K626 - 2021 BERGEN STREET"
"W/""307254264""","Classroom Closed",882450000,"dc961b27-e80c-ec11-94ef-001dd8305a25","9/10/2021","2021-09-10T04:00:00Z","048688","9/4/2021","2021-09-04T04:00:00Z","90-15 SUTTER AVENUE","40,676,978.000000",40676978,"6a2f77fa-31f4-ea11-b882-24ee9a37d45c","Queens",882450003,"-73,846,796.000000",-73846796,"27","P.S. 63 - QUEENS","P.S. 063 Old South - Q063 - Q063 - 27Q063 - 90-15 SUTTER AVENUE"
"W/""307260537""","Classroom Closed",882450000,"9d881012-ec0c-ec11-94ef-001dd8305a25","9/11/2021","2021-09-11T04:00:00Z","048693","9/4/2021","2021-09-04T04:00:00Z","800 VAN SICLEN AVE","40,659,934.000000",40659934,"41ebaa73-30f4-ea11-b882-24ee9a37d45c","Brooklyn",882450002,"-73,885,704.000000",-73885704,"19","I.S. 166 - BROOKLYN","Achievement First Linden Charter School - K788 - K166 - 84K788 - 800 VAN SICLEN AVE"
"W/""306992494""","Classroom Closed",882450000,"87a53453-200c-ec11-94ef-001dd8305dc4","9/11/2021","2021-09-11T04:00:00Z","048645","9/3/2021","2021-09-03T04:00:00Z","110 EAST  88 STREET","40,780,798.000000",40780798,"34005d7a-31f4-ea11-b882-24ee9a37d45c","Manhattan",882450000,"-73,955,594.000000",-73955594,"2","P.S. 169 (ECF) - MANHATTAN","P.S. M169 - Robert F. Kennedy - M169 - M169 - 75M169 - 110 EAST  88 STREET"
"W/""307533529""","Classroom Closed",882450000,"f3ce1279-c70c-ec11-94ef-001dd8305dc4","9/13/2021","2021-09-13T04:00:00Z","048674","9/6/2021","2021-09-06T04:00:00Z","2340 CAMBRELENG AVENUE","40,853,671.000000",40853671,"87464e91-4afb-ea11-b883-24ee9a37d459",,,"-73,885,183.000000",-73885183,"10","BELMONT COMMUNITY DAY CARE CENTER, INC.","BELMONT COMMUNITY DAY CARE CENTER, INC. - XAOM - XAOM -  - 2340 CAMBRELENG AVENUE"
"W/""307730316""","Classroom Closed",882450000,"ff037819-dc0c-ec11-94ef-001dd8305dc4","9/10/2021","2021-09-10T04:00:00Z","048684","9/8/2021","2021-09-08T04:00:00Z","625 WEST 133 STREET","40,819,793.000000",40819793,"758d8486-31f4-ea11-b882-24ee9a37d45c","Manhattan",882450000,"-73,956,814.000000",-73956814,"5","TERENCE D. TOLBERT EDUCATION COMPLEX - MANHATTAN","KIPP Infinity Charter School - M336 - M195 - 84M336 - 625 WEST 133 STREET"
"W/""307645100""","Classroom Closed",882450000,"b77dc41b-df0c-ec11-94ef-001dd8305dc4","9/10/2021","2021-09-10T04:00:00Z","048685","9/4/2021","2021-09-04T04:00:00Z","625 WEST 133 STREET","40,819,793.000000",40819793,"758d8486-31f4-ea11-b882-24ee9a37d45c","Manhattan",882450000,"-73,956,814.000000",-73956814,"5","TERENCE D. TOLBERT EDUCATION COMPLEX - MANHATTAN","KIPP Infinity Charter School - M336 - M195 - 84M336 - 625 WEST 133 STREET"
"W/""307021208""","Classroom Closed",882450000,"785fe264-870a-ec11-94ef-001dd8305f6a","9/10/2021","2021-09-10T04:00:00Z","048579","9/1/2021","2021-09-01T04:00:00Z","510 WAVERLY AVENUE","40,682,422.000000",40682422,"8228a20c-31f4-ea11-b882-24ee9a37d45c","Brooklyn",882450002,"-73,965,928.000000",-73965928,"13","ACHIEVEMENT FIRST ENDEAVOR CHARTER SCHOOL - K","Achievement First Endeavor Charter School - K508 - K784 - 84K508 - 510 WAVERLY AVENUE"
"W/""307021212""","Classroom Closed",882450000,"a117ebcb-870a-ec11-94ef-001dd8305f6a","9/10/2021","2021-09-10T04:00:00Z","048581","9/1/2021","2021-09-01T04:00:00Z","510 WAVERLY AVENUE","40,682,422.000000",40682422,"8228a20c-31f4-ea11-b882-24ee9a37d45c","Brooklyn",882450002,"-73,965,928.000000",-73965928,"13","ACHIEVEMENT FIRST ENDEAVOR CHARTER SCHOOL - K","Achievement First Endeavor Charter School - K508 - K784 - 84K508 - 510 WAVERLY AVENUE"
"W/""307267306""","Classroom Closed",882450000,"a7be3c81-e60b-ec11-94ef-001dd8305f6a","9/11/2021","2021-09-11T04:00:00Z","048613","9/3/2021","2021-09-03T04:00:00Z","84 SCHAEFER STREET","40,686,424.000000",40686424,"1d1bad3c-30f4-ea11-b882-24ee9a37d45c","Brooklyn",882450002,"-73,910,430.000000",-73910430,"32","P.S. 45 - BROOKLYN","P.S./I.S. 045 Horace E. Greene - K045 - K045 - 32K045 - 84 SCHAEFER STREET"
"W/""306996174""","Classroom Closed",882450000,"e8b8dfc4-ec0b-ec11-94ef-001dd8305f6a","9/10/2021","2021-09-10T04:00:00Z","048616","9/3/2021","2021-09-03T04:00:00Z","111-12 NORTHERN BOULEVARD","40,757,751.000000",40757751,"46fe227f-4afb-ea11-b883-24ee9a37d459",,,"-73,857,952.000000",-73857952,"24","MALCOLM X DAYCARE","Malcolm X Day Care - QANR - QATF -  - 111-12 NORTHERN BOULEVARD"
"W/""307204923""","Classroom Closed",882450000,"9f29641e-ef0b-ec11-94ef-001dd8305f6a","9/11/2021","2021-09-11T04:00:00Z","048618","9/4/2021","2021-09-04T04:00:00Z","188 ROCHESTER AVENUE","40,672,710.000000",40672710,"08ba8b86-30f4-ea11-b882-24ee9a37d45c","Brooklyn",882450002,"-73,928,917.000000",-73928917,"17","I.S. 394 - BROOKLYN","Explore Empower Charter School - K742 - K210 - 84K742 - 188 ROCHESTER AVENUE"
"W/""306992439""","Classroom Closed",882450000,"84c99a01-f20b-ec11-94ef-001dd8305f6a","9/10/2021","2021-09-10T04:00:00Z","048619","9/3/2021","2021-09-03T04:00:00Z","158-40 76 ROAD","40,724,195.000000",40724195,"099c4c1f-32f4-ea11-b882-24ee9a37d45c","Queens",882450003,"-73,809,380.000000",-73809380,"25","J.H.S. 168 - QUEENS","Queens School of Inquiry, The - Q252 - Q168 - 25Q252 - 158-40 76 ROAD"
"W/""307733225""","Classroom Closed",882450000,"c6eeb58c-fc0b-ec11-94ef-001dd8305f6a","9/10/2021","2021-09-10T04:00:00Z","048625","9/3/2021","2021-09-03T04:00:00Z","70 Tompkins Avenue","40,696,698.000000",40696698,"eb1aad3c-30f4-ea11-b882-24ee9a37d45c","Brooklyn",882450002,"-73,947,557.000000",-73947557,"14","I.S. 33 - BROOKLYN","Success Academy Charter School - Bed-Stuy 1 - K367 - K033 - 84K367 - 70 Tompkins Avenue"
"W/""307582182""","Classroom Closed",882450000,"65cbcfab-fe0b-ec11-94ef-001dd8305f6a","9/11/2021","2021-09-11T04:00:00Z","048627","9/3/2021","2021-09-03T04:00:00Z","586 WEST 177 STREET","40,846,116.000000",40846116,"166e3d68-31f4-ea11-b882-24ee9a37d45c","Manhattan",882450000,"-73,935,140.000000",-73935140,"6","P.S. 115 - MANHATTAN","KIPP NYC Washington Heights Academy Charter School - M068 - M115 - 84M068 - 586 WEST 177 STREET"
"W/""307533965""","Classroom Closed",882450000,"5c1c0eaa-000c-ec11-94ef-001dd8305f6a","9/10/2021","2021-09-10T04:00:00Z","048629","9/4/2021","2021-09-04T04:00:00Z","510 WAVERLY AVENUE","40,682,422.000000",40682422,"8228a20c-31f4-ea11-b882-24ee9a37d45c","Brooklyn",882450002,"-73,965,928.000000",-73965928,"13","ACHIEVEMENT FIRST ENDEAVOR CHARTER SCHOOL - K","Achievement First Endeavor Charter School - K508 - K784 - 84K508 - 510 WAVERLY AVENUE"
"W/""307582224""","Classroom Closed",882450000,"69b2b32c-0f0c-ec11-94ef-001dd8305f6a","9/11/2021","2021-09-11T04:00:00Z","048634","9/4/2021","2021-09-04T04:00:00Z","800 GATES AVENUE","40,687,970.000000",40687970,"aae657bd-30f4-ea11-b882-24ee9a37d45c","Brooklyn",882450002,"-73,932,066.000000",-73932066,"16","I.S. 324 - BROOKLYN","Bedford Stuyvesant Collegiate Charter School - K648 - K324 - 84K648 - 800 GATES AVENUE"
"W/""307735865""","Classroom Closed",882450000,"3c021b8f-170c-ec11-94ef-001dd8305f6a","9/10/2021","2021-09-10T04:00:00Z","048639","9/4/2021","2021-09-04T04:00:00Z","439 WEST 49TH STREET","40,763,655.000000",40763655,"a9d810ab-31f4-ea11-b882-24ee9a37d45c","Manhattan",882450000,"-73,990,318.000000",-73990318,"2","HS OF GRAPHIC COMMUNICATION ARTS-M","Success Academy Charter School - Upper West - M523 - M625 - 84M523 - 439 WEST 49TH STREET"
"W/""307981775""","Classroom Closed",882450000,"c4fbfb43-1a0c-ec11-94ef-001dd8305f6a","9/11/2021","2021-09-11T04:00:00Z","048640","9/3/2021","2021-09-03T04:00:00Z","450 SAINT PAUL'S PLACE","40,835,934.000000",40835934,"6236d900-33f4-ea11-b882-24ee9a37d45c","Bronx",882450001,"-73,904,970.000000",-73904970,"9","P.S. 55 - BRONX","Success Academy Charter School - Bronx 2 - X494 - X055 - 84X494 - 450 SAINT PAUL'S PLACE"
"W/""307006557""","Classroom Closed",882450000,"5f5f7a56-1b0c-ec11-94ef-001dd8305f6a","9/12/2021","2021-09-12T04:00:00Z","048641","9/3/2021","2021-09-03T04:00:00Z","60 COOK STREET","40,702,759.000000",40702759,"ad83ff9e-30f4-ea11-b882-24ee9a37d45c","Brooklyn",882450002,"-73,941,345.000000",-73941345,"14","P.S. 257 - BROOKLYN","P.S. 257 John F. Hylan - K257 - K257 - 14K257 - 60 COOK STREET"
"W/""306992484""","Classroom Closed",882450000,"91f1de96-1b0c-ec11-94ef-001dd8305f6a","9/12/2021","2021-09-12T04:00:00Z","048642","9/3/2021","2021-09-03T04:00:00Z","138-30 LAFAYETTE STREET","40,670,905.000000",40670905,"9169c231-32f4-ea11-b882-24ee9a37d45c","Queens",882450003,"-73,845,992.000000",-73845992,"27","I.S. 202 - QUEENS","J.H.S. 202 Robert H. Goddard - Q202 - Q202 - 27Q202 - 138-30 LAFAYETTE STREET"
"W/""306997572""","Classroom Closed",882450000,"e2aa14ae-1e0c-ec11-94ef-001dd8305f6a","9/10/2021","2021-09-10T04:00:00Z","048643","9/3/2021","2021-09-03T04:00:00Z","71 SULLIVAN STREET","40,677,085.000000",40677085,"f5f57030-30f4-ea11-b882-24ee9a37d45c","Brooklyn",882450002,"-74,011,864.000000",-74011864,"15","P.S. 15 - BROOKLYN","P.S. 015 Patrick F. Daly - K015 - K015 - 15K015 - 71 SULLIVAN STREET"
"W/""307262482""","Classroom Closed",882450000,"73e0ae2d-1f0c-ec11-94ef-001dd8305f6a","9/10/2021","2021-09-10T04:00:00Z","048644","9/4/2021","2021-09-04T04:00:00Z","522 WEST 44TH STREET","40,760,858.000000",40760858,"e7ed94c3-31f4-ea11-b882-24ee9a37d45c","Manhattan",882450000,"-73,996,262.000000",-73996262,"2","BEACON HIGH SCHOOL - MANHATTAN","PSAL - Beacon High School - 3300 - Beacon High School - M479 - M912 - 03M479"
"W/""307254835""","Classroom Closed",882450000,"becaaf94-200c-ec11-94ef-001dd8305f6a","9/11/2021","2021-09-11T04:00:00Z","048646","9/4/2021","2021-09-04T04:00:00Z","50-51 98TH STREET","40,741,139.000000",40741139,"30c73b4a-32f4-ea11-b882-24ee9a37d45c","Queens",882450003,"-73,863,408.000000",-73863408,"24","P.S./ I.S. 298 - QUEENS","Elm Tree Elementary School - Q211 - Q298 - 24Q211 - 50-51 98TH STREET"
"W/""307204998""","Classroom Closed",882450000,"ce63559d-b90c-ec11-94ef-001dd8305f6a","9/12/2021","2021-09-12T04:00:00Z","048662","9/4/2021","2021-09-04T04:00:00Z","5800 TILDEN AVENUE","40,647,728.000000",40647728,"5b8dbfcf-30f4-ea11-b882-24ee9a37d45c","Brooklyn",882450002,"-73,922,212.000000",-73922212,"18","SAMUEL J. TILDEN EDUCATIONAL CAMPUS - K","Cultural Academy for the Arts and Sciences - K629 - K415 - 18K629 - 5800 TILDEN AVENUE"
"W/""307254979""","Classroom Closed",882450000,"7cdf4acb-ba0c-ec11-94ef-001dd8305f6a","9/11/2021","2021-09-11T04:00:00Z","048663","9/4/2021","2021-09-04T04:00:00Z","1070 EAST 104 STREET","40,644,134.000000",40644134,"e3201dab-30f4-ea11-b882-24ee9a37d45c","Brooklyn",882450002,"-73,892,797.000000",-73892797,"18","P.S. 279 - BROOKLYN","Leadership Prep Canarsie Charter School (Leadership Prep CS 4) - K724 - K279 - 84K724 - 1070 EAST 104 STREET"
"W/""307205013""","Classroom Closed",882450000,"3ecbcf3a-c00c-ec11-94ef-001dd8305f6a","9/11/2021","2021-09-11T04:00:00Z","048665","9/4/2021","2021-09-04T04:00:00Z","730 BRYANT AVENUE","40,815,827.000000",40815827,"f9d10307-33f4-ea11-b882-24ee9a37d45c","Bronx",882450001,"-73,885,284.000000",-73885284,"8","I.S. 201 - BRONX","Hyde Leadership Charter School - X345 - X074 - 84X345 - 730 BRYANT AVENUE"
"W/""307205038""","Classroom Closed",882450000,"84d32d81-c60c-ec11-94ef-001dd8305f6a","9/12/2021","2021-09-12T04:00:00Z","048673","9/4/2021","2021-09-04T04:00:00Z","46-02 47 AVENUE","40,740,452.000000",40740452,"fdae0313-32f4-ea11-b882-24ee9a37d45c","Queens",882450003,"-73,918,762.000000",-73918762,"24","I.S. 125 - QUEENS","I.S. 125 Thom J. McCann Woodside - Q125 - Q125 - 24Q125 - 46-02 47 AVENUE"
"W/""307205059""","Classroom Closed",882450000,"3a83cf35-d20c-ec11-94ef-001dd8305f6a","9/11/2021","2021-09-11T04:00:00Z","048678","9/4/2021","2021-09-04T04:00:00Z","691 St Nicholas Avenue","40,823,676.000000",40823676,"85dc32dc-31f4-ea11-b882-24ee9a37d45c","Manhattan",882450000,"-73,945,427.000000",-73945427,"6","The Neighborhood Charter School of Harlem","Neighborhood Charter School of Harlem - M100 - MBTS - 84M100 - 691 St Nicholas Avenue"
"W/""307256746""","Classroom Closed",882450000,"4b1e4f53-d60c-ec11-94ef-001dd8305f6a","9/10/2021","2021-09-10T04:00:00Z","048680","9/4/2021","2021-09-04T04:00:00Z","48-10 31 AVENUE","40,757,072.000000",40757072,"d8b66262-32f4-ea11-b882-24ee9a37d45c","Queens",882450003,"-73,911,165.000000",-73911165,"30","WILLIAM C. BRYANT HS - Q","Summer PSAL - William C. Bryant - 30Q445 - William Cullen Bryant High School - Q445 - Q445 - 30Q445"
"W/""307588945""","Classroom Closed",882450000,"69eba833-ed0c-ec11-94ef-001dd8305f6a","9/11/2021","2021-09-11T04:00:00Z","048694","9/3/2021","2021-09-03T04:00:00Z","105 HAMILTON AVENUE","40,645,436.000000",40645436,"5a5b4cd6-32f4-ea11-b882-24ee9a37d45c","Staten Island",882450004,"-74,082,149.000000",-74082149,"31","CURTIS HS - S. I.","Summer PSAL - Curtis - 31R450 - Curtis High School - R450 - R450 - 31R450"
"W/""307576839""","Classroom Closed",882450000,"e9874f6b-f60c-ec11-94ef-001dd8305f6a","9/11/2021","2021-09-11T04:00:00Z","048695","9/4/2021","2021-09-04T04:00:00Z","105 HAMILTON AVENUE","40,645,436.000000",40645436,"5a5b4cd6-32f4-ea11-b882-24ee9a37d45c","Staten Island",882450004,"-74,082,149.000000",-74082149,"31","CURTIS HS - S. I.","Curtis High School - R450 - R450 - 31R450 - 105 HAMILTON AVENUE"
"W/""307730327""","Classroom Closed",882450000,"130cb79b-5e0e-ec11-b6e6-001dd8307dd2","9/12/2021","2021-09-12T04:00:00Z","048697","9/8/2021","2021-09-08T04:00:00Z","8301 SHORE ROAD","40,626,827.000000",40626827,"522b3eee-30f4-ea11-b882-24ee9a37d45c","Brooklyn",882450002,"-74,038,103.000000",-74038103,"20","FORT HAMILTON HS - K","Fort Hamilton High School - K490 - K490 - 20K490 - 8301 SHORE ROAD"
"W/""307361774""","Classroom Closed",882450000,"fef731ab-670e-ec11-b6e6-001dd8307dd2","9/13/2021","2021-09-13T04:00:00Z","048704","9/6/2021","2021-09-06T04:00:00Z","51 CHRISTOPHER AVENUE","40,672,216.000000",40672216,"19a198c3-30f4-ea11-b882-24ee9a37d45c","Brooklyn",882450002,"-73,906,018.000000",-73906018,"23","P.S. 332 - BROOKLYN","Leadership Preparatory Ocean Hill Charter School - K775 - K332 - 84K775 - 51 CHRISTOPHER AVENUE"
"W/""307361779""","Classroom Closed",882450000,"ccf2e715-680e-ec11-b6e6-001dd8307dd2","9/13/2021","2021-09-13T04:00:00Z","048705","9/6/2021","2021-09-06T04:00:00Z","51 CHRISTOPHER AVENUE","40,672,216.000000",40672216,"19a198c3-30f4-ea11-b882-24ee9a37d45c","Brooklyn",882450002,"-73,906,018.000000",-73906018,"23","P.S. 332 - BROOKLYN","Leadership Preparatory Ocean Hill Charter School - K775 - K332 - 84K775 - 51 CHRISTOPHER AVENUE"
"W/""307730342""","Classroom Closed",882450000,"56e1265a-7e0e-ec11-b6e6-001dd8307dd2","9/11/2021","2021-09-11T04:00:00Z","048710","9/8/2021","2021-09-08T04:00:00Z","283 ADAMS STREET","40,694,629.000000",40694629,"82e657bd-30f4-ea11-b882-24ee9a37d45c","Brooklyn",882450002,"-73,988,323.000000",-73988323,"13","ADAMS STREET EDUCATIONAL CAMPUS - K","Urban Assembly Institute of Math and Science for Young Women - K527 - K313 - 13K527 - 283 ADAMS STREET"
"W/""307940476""","Classroom Closed",882450000,"7165e923-d70f-ec11-b6e6-001dd8307dd2","9/10/2021","2021-09-10T04:00:00Z","048715","9/9/2021","2021-09-09T04:00:00Z","231-249 EAST 56 STREET","40,759,248.000000",40759248,"6d07e99e-31f4-ea11-b882-24ee9a37d45c","Manhattan",882450000,"-73,967,204.000000",-73967204,"2","MIDTOWN EAST CAMPUS - MANHATTAN","P.S. 059 Beekman Hill International - M059 - M488 - 02M059 - 231-249 EAST 56 STREET"
"W/""307730382""","Classroom Closed",882450000,"adb1a337-df0f-ec11-b6e6-001dd8307dd2","9/13/2021","2021-09-13T04:00:00Z","048724","9/8/2021","2021-09-08T04:00:00Z","120 WEST 231 STREET","40,875,636.000000",40875636,"ad2aa42b-33f4-ea11-b882-24ee9a37d45c","Bronx",882450001,"-73,901,565.000000",-73901565,"10","I.S. 143 - BRONX","The New School for Leadership and Journalism - X244 - X143 - 10X244 - 120 WEST 231 STREET"
"W/""307730407""","Classroom Closed",882450000,"2e94aded-f10f-ec11-b6e6-001dd8307dd2","9/11/2021","2021-09-11T04:00:00Z","048731","9/8/2021","2021-09-08T04:00:00Z","885 Bolton Avenue","40,822,925.000000",40822925,"c8689025-33f4-ea11-b882-24ee9a37d45c","Bronx",882450001,"-73,859,998.000000",-73859998,"8","I.S. 131 - BRONX","Success Academy Charter School - Bronx 4 - New York 2 - X464 - X131 - 84X464 - 885 Bolton Avenue"
"W/""307734559""","Classroom Closed",882450000,"2617da38-f50f-ec11-b6e6-001dd8307dd2","9/11/2021","2021-09-11T04:00:00Z","048737","9/8/2021","2021-09-08T04:00:00Z","99 AVENUE P","40,608,135.000000",40608135,"c10d3c5b-30f4-ea11-b882-24ee9a37d45c","Brooklyn",882450002,"-73,984,985.000000",-73984985,"21","I.S. 96 - BROOKLYN","Success Academy Charter School - Bensonhurst - New York 3 - K772 - K096 - 84K772 - 99 AVENUE P"
"W/""307940504""","Classroom Closed",882450000,"ce98dc20-a110-ec11-b6e6-001dd8307dd2","9/17/2021","2021-09-17T04:00:00Z","048759","9/9/2021","2021-09-09T04:00:00Z","1485 PACIFIC STREET","40,677,266.000000",40677266,"3388e6db-30f4-ea11-b882-24ee9a37d45c","Brooklyn",882450002,"-73,942,390.000000",-73942390,"17","CROWN HEIGHTS CHARTER SCHOOLS - BROOKLYN","Achievement First Crown Heights Charter School - K356 - K434 - 84K356 - 1485 PACIFIC STREET"
"W/""307962284""","Classroom Closed",882450000,"4636a367-5f11-ec11-b6e6-001dd8307dd2","9/13/2021","2021-09-13T04:00:00Z","048825","9/10/2021","2021-09-10T04:00:00Z","43-42 47TH STREET","40,743,559.000000",40743559,"0afe227f-4afb-ea11-b883-24ee9a37d459",,,"-73,917,928.000000",-73917928,"30","LITTLE FRIENDS SCHOOL SUNNYSIDE","LITTLE FRIENDS SCHOOL SUNNYSIDE - QATD - QATD -  - 43-42 47TH STREET"
"W/""307958052""","Classroom Closed",882450000,"0fdc9d6d-5f11-ec11-b6e6-001dd8307dd2","9/18/2021","2021-09-18T04:00:00Z","048826","9/10/2021","2021-09-10T04:00:00Z","43-42 47TH STREET","40,743,559.000000",40743559,"0afe227f-4afb-ea11-b883-24ee9a37d459",,,"-73,917,928.000000",-73917928,"30","LITTLE FRIENDS SCHOOL SUNNYSIDE","LITTLE FRIENDS SCHOOL SUNNYSIDE - QATD - QATD -  - 43-42 47TH STREET"
"W/""307990115""","No Intervention",882450002,"f688d660-7411-ec11-b6e6-001dd8307dd2","9/10/2021","2021-09-10T04:00:00Z","048837","9/9/2021","2021-09-09T04:00:00Z","333 WEST  17 STREET","40,742,512.000000",40742512,"defab455-31f4-ea11-b882-24ee9a37d45c","Manhattan",882450000,"-74,002,222.000000",-74002222,"2","I.S. 70 - MANHATTAN","N.Y.C. Museum School - M414 - M070 - 02M414 - 333 WEST  17 STREET"
"W/""308011938""","No Intervention",882450002,"d82e80c6-7d11-ec11-b6e6-001dd8307dd2","9/10/2021","2021-09-10T04:00:00Z","048845","9/9/2021","2021-09-09T04:00:00Z","70 Tompkins Avenue","40,696,698.000000",40696698,"eb1aad3c-30f4-ea11-b882-24ee9a37d45c","Brooklyn",882450002,"-73,947,557.000000",-73947557,"14","I.S. 33 - BROOKLYN","Success Academy Charter School - Bed-Stuy 1 - K367 - K033 - 84K367 - 70 Tompkins Avenue"
"W/""308013003""","No Intervention",882450002,"db7775d2-7d11-ec11-b6e6-001dd8307dd2","9/10/2021","2021-09-10T04:00:00Z","048846","9/9/2021","2021-09-09T04:00:00Z","70 Tompkins Avenue","40,696,698.000000",40696698,"eb1aad3c-30f4-ea11-b882-24ee9a37d45c","Brooklyn",882450002,"-73,947,557.000000",-73947557,"14","I.S. 33 - BROOKLYN","Success Academy Charter School - Bed-Stuy 1 - K367 - K033 - 84K367 - 70 Tompkins Avenue"
"W/""308058457""","Classroom Closed",882450000,"01c3ceed-8911-ec11-b6e6-001dd8307dd2","9/13/2021","2021-09-13T04:00:00Z","048859","9/10/2021","2021-09-10T04:00:00Z","301 VERMONT STREET","40,671,601.000000",40671601,"8a283fb1-30f4-ea11-b882-24ee9a37d45c","Brooklyn",882450002,"-73,893,319.000000",-73893319,"19","I.S. 292 - BROOKLYN","Achievement First Brownsville Charter School - K626 - K292 - 84K626 - 301 VERMONT STREET"
"W/""308073313""","No Intervention",882450002,"a3ae8794-8d11-ec11-b6e6-001dd8307dd2","9/10/2021","2021-09-10T04:00:00Z","048865","9/9/2021","2021-09-09T04:00:00Z","175 WEST 134 STREET","40,814,388.000000",40814388,"47005d7a-31f4-ea11-b882-24ee9a37d45c","Manhattan",882450000,"-73,942,706.000000",-73942706,"5","P.S. 175 - MANHATTAN","P.S. 175 Henry H Garnet - M175 - M175 - 05M175 - 175 WEST 134 STREET"
"W/""308066644""","No Intervention",882450002,"60155fba-8e11-ec11-b6e6-001dd8307dd2","9/10/2021","2021-09-10T04:00:00Z","048869","9/9/2021","2021-09-09T04:00:00Z","67-01 110 STREET","40,730,017.000000",40730017,"d3b66262-32f4-ea11-b882-24ee9a37d45c","Queens",882450003,"-73,843,972.000000",-73843972,"28","FOREST HILLS HS - Q","Forest Hills High School - Q440 - Q440 - 28Q440 - 67-01 110 STREET"
"W/""308067950""","Classroom Closed",882450000,"7bb02e46-a211-ec11-b6e6-001dd8307dd2","9/19/2021","2021-09-19T04:00:00Z","048888","9/10/2021","2021-09-10T04:00:00Z","510 516 West 145th Street","40,825,480.000000",40825480,"59e4d766-4afb-ea11-b883-24ee9a37d459",,,"-73,948,215.000000",-73948215,"6","LSSMNY: Early LIFE Childrens Center 14","LSSMNY: Early LIFE Childrens Center 14 - MATP - MAZU -  - 510 516 West 145th Street"
"W/""307361756""","Classroom Closed",882450000,"f32915d4-620e-ec11-b6e6-001dd8309318","9/11/2021","2021-09-11T04:00:00Z","048698","9/6/2021","2021-09-06T04:00:00Z","730 BRYANT AVENUE","40,815,827.000000",40815827,"f9d10307-33f4-ea11-b882-24ee9a37d45c","Bronx",882450001,"-73,885,284.000000",-73885284,"8","I.S. 201 - BRONX","Hyde Leadership Charter School - X345 - X074 - 84X345 - 730 BRYANT AVENUE"
"W/""307361761""","Classroom Closed",882450000,"7dbc9f5a-630e-ec11-b6e6-001dd8309318","9/11/2021","2021-09-11T04:00:00Z","048699","9/6/2021","2021-09-06T04:00:00Z","730 BRYANT AVENUE","40,815,827.000000",40815827,"f9d10307-33f4-ea11-b882-24ee9a37d45c","Bronx",882450001,"-73,885,284.000000",-73885284,"8","I.S. 201 - BRONX","Hyde Leadership Charter School - X345 - X074 - 84X345 - 730 BRYANT AVENUE"
"W/""307972331""","Classroom Closed",882450000,"75171b77-d00f-ec11-b6e6-001dd8309318","9/11/2021","2021-09-11T04:00:00Z","048711","9/8/2021","2021-09-08T04:00:00Z","301 VERMONT STREET","40,671,601.000000",40671601,"8a283fb1-30f4-ea11-b882-24ee9a37d45c","Brooklyn",882450002,"-73,893,319.000000",-73893319,"19","I.S. 292 - BROOKLYN","Achievement First Apollo Charter School - K774 - K292 - 84K774 - 301 VERMONT STREET"
"W/""307730352""","Classroom Closed",882450000,"1f2e2f72-d10f-ec11-b6e6-001dd8309318","9/11/2021","2021-09-11T04:00:00Z","048712","9/8/2021","2021-09-08T04:00:00Z","350 LINWOOD STREET","40,677,112.000000",40677112,"42de5eb7-30f4-ea11-b882-24ee9a37d45c","Brooklyn",882450002,"-73,884,211.000000",-73884211,"19","I.S. 302 - BROOKLYN","Achievement First Apollo Charter School - K774 - K302 - 84K774 - 350 LINWOOD STREET"
"W/""307730362""","Classroom Closed",882450000,"945d2d48-d60f-ec11-b6e6-001dd8309318","9/13/2021","2021-09-13T04:00:00Z","048714","9/8/2021","2021-09-08T04:00:00Z","2200 GRAVESEND NECK ROAD","40,596,876.000000",40596876,"14ba8b86-30f4-ea11-b882-24ee9a37d45c","Brooklyn",882450002,"-73,948,453.000000",-73948453,"22","P.S. 206 - BROOKLYN","P.S. 206 Joseph F Lamb - K206 - K206 - 22K206 - 2200 GRAVESEND NECK ROAD"
"W/""307730387""","Classroom Closed",882450000,"26b196f9-e00f-ec11-b6e6-001dd8309318","9/13/2021","2021-09-13T04:00:00Z","048725","9/8/2021","2021-09-08T04:00:00Z","3740 BAYCHESTER AVENUE","40,884,371.000000",40884371,"4d0d6d19-33f4-ea11-b882-24ee9a37d45c","Bronx",882450001,"-73,839,288.000000",-73839288,"11","P.S. 111 - BRONX","Bronx Charter School for Better Learning - X718 - X111 - 84X718 - 3740 BAYCHESTER AVENUE"
"W/""307972350""","Classroom Closed",882450000,"45611d67-e50f-ec11-b6e6-001dd8309318","9/13/2021","2021-09-13T04:00:00Z","048729","9/8/2021","2021-09-08T04:00:00Z","730 BRYANT AVENUE","40,815,827.000000",40815827,"f9d10307-33f4-ea11-b882-24ee9a37d45c","Bronx",882450001,"-73,885,284.000000",-73885284,"8","I.S. 201 - BRONX","Bronx Academy for Multi-Media - X424 - X074 - 08X424 - 730 BRYANT AVENUE"
"W/""307730418""","Classroom Closed",882450000,"4f732b6c-f20f-ec11-b6e6-001dd8309318","9/13/2021","2021-09-13T04:00:00Z","048733","9/8/2021","2021-09-08T04:00:00Z","309 47 STREET","40,648,959.000000",40648959,"dcc1392a-30f4-ea11-b882-24ee9a37d45c","Brooklyn",882450002,"-74,011,420.000000",-74011420,"15","P.S. 1 - BROOKLYN","P.S. 001 The Bergen - K001 - K001 - 15K001 - 309 47 STREET"
"W/""307954112""","Classroom Closed",882450000,"47fe5886-a210-ec11-b6e6-001dd8309318","9/17/2021","2021-09-17T04:00:00Z","048760","9/9/2021","2021-09-09T04:00:00Z","510 WAVERLY AVENUE","40,682,422.000000",40682422,"8228a20c-31f4-ea11-b882-24ee9a37d45c","Brooklyn",882450002,"-73,965,928.000000",-73965928,"13","ACHIEVEMENT FIRST ENDEAVOR CHARTER SCHOOL - K","Achievement First Endeavor Charter School - K508 - K784 - 84K508 - 510 WAVERLY AVENUE"
"W/""307940516""","Classroom Closed",882450000,"3529e25b-a310-ec11-b6e6-001dd8309318","9/9/2021","2021-09-09T04:00:00Z","048762","9/9/2021","2021-09-09T04:00:00Z","137-37 FARMERS BOULEVARD","40,672,953.000000",40672953,"8ac9a854-4afb-ea11-b883-24ee9a37d459",,,"-73,763,609.000000",-73763609,"29","NEW WORLD EDUCATIONAL CENTER","BAbove 22 - QAPS - QAXP -  - 137-37 FARMERS BOULEVARD"
"W/""307940526""","Classroom Closed",882450000,"9287c293-a610-ec11-b6e6-001dd8309318","9/13/2021","2021-09-13T04:00:00Z","048765","9/9/2021","2021-09-09T04:00:00Z","560 THIERIOT AVENUE","40,816,700.000000",40816700,"ecd10307-33f4-ea11-b882-24ee9a37d45c","Bronx",882450001,"-73,860,460.000000",-73860460,"8","P.S. 69 - BRONX","P.S. 069 Journey Prep School - X069 - X069 - 08X069 - 560 THIERIOT AVENUE"
"W/""307940542""","Classroom Closed",882450000,"2cc214b3-aa10-ec11-b6e6-001dd8309318","9/18/2021","2021-09-18T04:00:00Z","048770","9/9/2021","2021-09-09T04:00:00Z","732 Henry Street","40,675,936.000000",40675936,"ad120b25-31f4-ea11-b882-24ee9a37d45c","Brooklyn",882450002,"-74,003,372.000000",-74003372,"15","Pave Academy Charter School - Brooklyn","PAVE Academy Charter School - K651 - K990 - 84K651 - 732 Henry Street"
"W/""307943695""","Classroom Closed",882450000,"f4eab9b3-d110-ec11-b6e6-001dd8309318","9/13/2021","2021-09-13T04:00:00Z","048812","9/9/2021","2021-09-09T04:00:00Z","890 CAULDWELL AVENUE","40,822,291.000000",40822291,"1478931f-33f4-ea11-b882-24ee9a37d45c","Bronx",882450001,"-73,906,739.000000",-73906739,"8","I.S. 301 - BRONX","Girls Preparatory Charter School of the Bronx - X487 - X120 - 84X487 - 890 CAULDWELL AVENUE"
"W/""307982796""","Classroom Closed",882450000,"f083cdc3-6911-ec11-b6e6-001dd8309318","9/12/2021","2021-09-12T04:00:00Z","048833","9/10/2021","2021-09-10T04:00:00Z","138-30 LAFAYETTE STREET","40,670,905.000000",40670905,"9169c231-32f4-ea11-b882-24ee9a37d45c","Queens",882450003,"-73,845,992.000000",-73845992,"27","I.S. 202 - QUEENS","Robert H. Goddard High School of Communication Arts and Technology - Q308 - Q202 - 27Q308 - 138-30 LAFAYETTE STREET"
"W/""307993623""","Classroom Closed",882450000,"7bba3827-7711-ec11-b6e6-001dd8309318","9/17/2021","2021-09-17T04:00:00Z","048842","9/10/2021","2021-09-10T04:00:00Z","557 PENNSYLVANIA AVENUE","40,664,067.000000",40664067,"e7f57030-30f4-ea11-b882-24ee9a37d45c","Brooklyn",882450002,"-73,893,328.000000",-73893328,"19","P.S. 13 - BROOKLYN","Achievement First East New York Charter School - K358 - K013 - 84K358 - 557 PENNSYLVANIA AVENUE"
"W/""308061003""","No Intervention",882450002,"fae6afbb-8511-ec11-b6e6-001dd8309318","9/10/2021","2021-09-10T04:00:00Z","048855","9/9/2021","2021-09-09T04:00:00Z","411 EAST 76 STREET","40,770,288.000000",40770288,"72c280bd-31f4-ea11-b882-24ee9a37d45c","Manhattan",882450000,"-73,953,276.000000",-73953276,"2","ELEANOR ROOSEVELT HS - MANHATTAN","PSAL - Eleanor Roosevelt High School - 2563 - Eleanor Roosevelt High School - M416 - M855 - 02M416"
"W/""308034831""","No Intervention",882450002,"c0185ffb-8d11-ec11-b6e6-001dd8309318","9/10/2021","2021-09-10T04:00:00Z","048866","9/9/2021","2021-09-09T04:00:00Z","1200 MANOR ROAD","40,588,985.000000",40588985,"5abe7adc-32f4-ea11-b882-24ee9a37d45c","Staten Island",882450004,"-74,130,819.000000",-74130819,"31","SUSAN E. WAGNER HS - S. I.","Susan E. Wagner High School - R460 - R460 - 31R460 - 1200 MANOR ROAD"
"W/""308075111""","Classroom Closed",882450000,"29008ee1-a311-ec11-b6e6-001dd8309318","9/13/2021","2021-09-13T04:00:00Z","048889","9/10/2021","2021-09-10T04:00:00Z","985 ROCKAWAY AVENUE","40,655,644.000000",40655644,"d2201dab-30f4-ea11-b882-24ee9a37d45c","Brooklyn",882450002,"-73,906,662.000000",-73906662,"23","I.S. 275 - BROOKLYN","Leadership Preparatory Brownsville Charter School - K711 - K275 - 84K711 - 985 ROCKAWAY AVENUE"
"W/""307730372""","Classroom Closed",882450000,"7363b2e3-d90f-ec11-b6e6-001dd8309ae7","9/13/2021","2021-09-13T04:00:00Z","048720","9/8/2021","2021-09-08T04:00:00Z","3040 ROBERTS AVENUE","40,845,379.000000",40845379,"e3d10307-33f4-ea11-b882-24ee9a37d45c","Bronx",882450001,"-73,829,562.000000",-73829562,"8","P.S. 71 - BRONX","P.S. 071 Rose E. Scala - X071 - X071 - 08X071 - 3040 ROBERTS AVENUE"
"W/""307828758""","Classroom Closed",882450000,"26a445c4-db0f-ec11-b6e6-001dd8309ae7","9/12/2021","2021-09-12T04:00:00Z","048721","9/8/2021","2021-09-08T04:00:00Z","188 ROCHESTER AVENUE","40,672,710.000000",40672710,"08ba8b86-30f4-ea11-b882-24ee9a37d45c","Brooklyn",882450002,"-73,928,917.000000",-73928917,"17","I.S. 394 - BROOKLYN","Explore Empower Charter School - K742 - K210 - 84K742 - 188 ROCHESTER AVENUE"
"W/""307733013""","Classroom Closed",882450000,"ee4d4c28-e80f-ec11-b6e6-001dd8309ae7","9/13/2021","2021-09-13T04:00:00Z","048730","9/8/2021","2021-09-08T04:00:00Z","98-02 ROOSEVELT AVENUE","40,748,600.000000",40748600,"19f32ce2-31f4-ea11-b882-24ee9a37d45c","Queens",882450003,"-73,866,557.000000",-73866557,"24","P.S. 19 - QUEENS","P.S. 019 Marino Jeantet - Q019 - Q019 - 24Q019 - 98-02 ROOSEVELT AVENUE"
"W/""307805906""","Classroom Closed",882450000,"b5e25d2f-fa0f-ec11-b6e6-001dd8309ae7","9/12/2021","2021-09-12T04:00:00Z","048738","9/8/2021","2021-09-08T04:00:00Z","1379 WEST 7 STREET","40,611,638.000000",40611638,"d49aeff9-49fb-ea11-b883-24ee9a37d459",,,"-73,981,102.000000",-73981102,"20","Dreamland Day Care","Dreamland Day Care - KCRB - KCRB -  - 1379 WEST 7 STREET"
"W/""307734067""","Classroom Closed",882450000,"fbf128ae-fa0f-ec11-b6e6-001dd8309ae7","9/11/2021","2021-09-11T04:00:00Z","048739","9/8/2021","2021-09-08T04:00:00Z","1379 WEST 7 STREET","40,611,638.000000",40611638,"d49aeff9-49fb-ea11-b883-24ee9a37d459",,,"-73,981,102.000000",-73981102,"20","Dreamland Day Care","Dreamland Day Care - KCRB - KCRB -  - 1379 WEST 7 STREET"
"W/""307730443""","Classroom Closed",882450000,"0faf6dd0-fd0f-ec11-b6e6-001dd8309ae7","9/13/2021","2021-09-13T04:00:00Z","048742","9/8/2021","2021-09-08T04:00:00Z","1619 BOSTON ROAD","40,836,245.000000",40836245,"3c474313-33f4-ea11-b882-24ee9a37d45c","Bronx",882450001,"-73,890,591.000000",-73890591,"12","I.S. 98 - BRONX","Explorations Academy H.S. - X251 - X098 - 12X251 - 1619 BOSTON ROAD"
"W/""307946100""","Classroom Closed",882450000,"d23a2415-9d10-ec11-b6e6-001dd8309ae7","9/17/2021","2021-09-17T04:00:00Z","048758","9/9/2021","2021-09-09T04:00:00Z","1619 BOSTON ROAD","40,836,245.000000",40836245,"3c474313-33f4-ea11-b882-24ee9a37d45c","Bronx",882450001,"-73,890,591.000000",-73890591,"12","I.S. 98 - BRONX","Explorations Academy H.S. - X251 - X098 - 12X251 - 1619 BOSTON ROAD"
"W/""307940531""","Classroom Closed",882450000,"f99e32f7-a910-ec11-b6e6-001dd8309ae7","9/13/2021","2021-09-13T04:00:00Z","048768","9/9/2021","2021-09-09T04:00:00Z","7002 4TH AVENUE","40,633,598.000000",40633598,"15a198c3-30f4-ea11-b882-24ee9a37d45c","Brooklyn",882450002,"-74,023,950.000000",-74023950,"20","P.S./I.S.30 MARY WHITE OVINGTON - BROOKLYN","P.S./I.S. 30 Mary White Ovington - K030 - K331 - 20K030 - 7002 4TH AVENUE"
"W/""307940572""","Classroom Closed",882450000,"547d57e1-b910-ec11-b6e6-001dd8309ae7","9/11/2021","2021-09-11T04:00:00Z","048788","9/9/2021","2021-09-09T04:00:00Z","72 VERONICA PLACE","40,648,352.000000",40648352,"8483ff9e-30f4-ea11-b882-24ee9a37d45c","Brooklyn",882450002,"-73,953,480.000000",-73953480,"17","I.S. 246 - BROOKLYN","Success Academy Charter School - Crown Heights - K741 - K246 - 84K741 - 72 VERONICA PLACE"
"W/""307995581""","No Intervention",882450002,"ad9ce328-bf10-ec11-b6e6-001dd8309ae7","9/10/2021","2021-09-10T04:00:00Z","048796","9/9/2021","2021-09-09T04:00:00Z","145 WEST  84 STREET","40,786,134.000000",40786134,"33a6ba98-31f4-ea11-b882-24ee9a37d45c","Manhattan",882450000,"-73,974,483.000000",-73974483,"3","LOUIS D. BRANDEIS HS - MANHATTAN","Success Academy Charter School - Upper West - M523 - M470 - 84M523 - 145 WEST  84 STREET"
"W/""307940593""","Classroom Closed",882450000,"b12cd913-c010-ec11-b6e6-001dd8309ae7","9/13/2021","2021-09-13T04:00:00Z","048797","9/9/2021","2021-09-09T04:00:00Z","40 WEST TREMONT AVENUE","40,850,722.000000",40850722,"c0ba3c50-33f4-ea11-b882-24ee9a37d45c","Bronx",882450001,"-73,910,827.000000",-73910827,"10","P.S. 306 - BRONX","The Bronx School of Young Leaders - X331 - X306 - 10X331 - 40 WEST TREMONT AVENUE"
"W/""308025003""","No Intervention",882450002,"52fb346e-c010-ec11-b6e6-001dd8309ae7","9/10/2021","2021-09-10T04:00:00Z","048799","9/9/2021","2021-09-09T04:00:00Z","141 EAST 111 STREET","40,796,098.000000",40796098,"50e61462-31f4-ea11-b882-24ee9a37d45c","Manhattan",882450000,"-73,944,546.000000",-73944546,"4","P.S. 101 - MANHATTAN","Success Academy Charter School - Harlem 3 - M385 - M101 - 84M385 - 141 EAST 111 STREET"
"W/""307940626""","Classroom Closed",882450000,"e404c9c7-d710-ec11-b6e6-001dd8309ae7","9/17/2021","2021-09-17T04:00:00Z","048821","9/9/2021","2021-09-09T04:00:00Z","6565 FLATLANDS AVENUE","40,634,451.000000",40634451,"6d2b3eee-30f4-ea11-b882-24ee9a37d45c","Brooklyn",882450002,"-73,916,927.000000",-73916927,"18","SOUTH SHORE EDUCATIONAL CAMPUS - K","Leadership Preparatory Ocean Hill Charter School - K775 - K515 - 84K775 - 6565 FLATLANDS AVENUE"
"W/""307770317""","Classroom Closed",882450000,"d498cf83-640e-ec11-b6e6-001dd8309bb0","9/13/2021","2021-09-13T04:00:00Z","048702","9/6/2021","2021-09-06T04:00:00Z","330 18 STREET","40,660,805.000000",40660805,"0bd8cf12-31f4-ea11-b882-24ee9a37d45c","Brooklyn",882450002,"-73,988,743.000000",-73988743,"15","P.S. 295 - BROOKLYN","New Voices School of Academic & Creative Arts - K443 - K845 - 15K443 - 330 18 STREET"
"W/""307730448""","Classroom Closed",882450000,"2d471a00-0110-ec11-b6e6-001dd8309bb0","9/11/2021","2021-09-11T04:00:00Z","048745","9/8/2021","2021-09-08T04:00:00Z","977 FOX STREET","40,822,056.000000",40822056,"fd77931f-33f4-ea11-b882-24ee9a37d45c","Bronx",882450001,"-73,894,368.000000",-73894368,"12","I.S. 216 - BRONX","Accion Academy - X341 - X116 - 12X341 - 977 FOX STREET"
"W/""307940521""","Classroom Closed",882450000,"bbb27aa8-a410-ec11-b6e6-001dd8309bb0","9/10/2021","2021-09-10T04:00:00Z","048763","9/9/2021","2021-09-09T04:00:00Z","1084 LENOX ROAD","40,657,712.000000",40657712,"9a83ff9e-30f4-ea11-b882-24ee9a37d45c","Brooklyn",882450002,"-73,919,818.000000",-73919818,"18","I.S. 252 - BROOKLYN","Kings Collegiate Charter School - K608 - K252 - 84K608 - 1084 LENOX ROAD"
"W/""308046163""","Classroom Closed",882450000,"528b62b6-6211-ec11-b6e6-001dd8309bb0","9/18/2021","2021-09-18T04:00:00Z","048828","9/10/2021","2021-09-10T04:00:00Z","301 VERMONT STREET","40,671,601.000000",40671601,"8a283fb1-30f4-ea11-b882-24ee9a37d45c","Brooklyn",882450002,"-73,893,319.000000",-73893319,"19","I.S. 292 - BROOKLYN","Achievement First Apollo Charter School - K774 - K292 - 84K774 - 301 VERMONT STREET"
"W/""307991187""","No Intervention",882450002,"4af9fae6-7511-ec11-b6e6-001dd8309bb0","9/10/2021","2021-09-10T04:00:00Z","048841","9/9/2021","2021-09-09T04:00:00Z","1716 SOUTHERN BOULEVARD","40,836,821.000000",40836821,"ed77bb9f-33f4-ea11-b882-24ee9a37d45c","Bronx",882450001,"-73,887,688.000000",-73887688,"12","M.S./H.S. 270 - BRONX","East Bronx Academy for the Future - X271 - X973 - 12X271 - 1716 SOUTHERN BOULEVARD"
"W/""308008088""","No Intervention",882450002,"510c57ca-7e11-ec11-b6e6-001dd8309bb0","9/10/2021","2021-09-10T04:00:00Z","048847","9/9/2021","2021-09-09T04:00:00Z","23-15 Newtown Avenue","40,770,769.000000",40770769,"e52ece86-32f4-ea11-b882-24ee9a37d45c","Queens",882450003,"-73,923,830.000000",-73923830,"30","YOUNG WOMEN'S LEADERSHIP ACADEMY- QUEENS","Young Women's Leadership School, Astoria - Q286 - Q739 - 30Q286 - 23-15 Newtown Avenue"
"W/""308009980""","Classroom Closed",882450000,"6450d2ae-8211-ec11-b6e6-001dd8309bb0","9/13/2021","2021-09-13T04:00:00Z","048851","9/10/2021","2021-09-10T04:00:00Z","70-10 164 STREET","40,731,070.000000",40731070,"9469c231-32f4-ea11-b882-24ee9a37d45c","Queens",882450003,"-73,805,759.000000",-73805759,"25","P.S. 200 - QUEENS","P.S./M.S. 200 - The Magnet School of Global Studies and Leadership - Q200 - Q200 - 25Q200 - 70-10 164 STREET"
"W/""308032223""","Classroom Closed",882450000,"f2d63723-8511-ec11-b6e6-001dd8309bb0","9/17/2021","2021-09-17T04:00:00Z","048853","9/10/2021","2021-09-10T04:00:00Z","111 EAST  33RD STREET","40,746,510.000000",40746510,"a0d810ab-31f4-ea11-b882-24ee9a37d45c","Manhattan",882450000,"-73,981,070.000000",-73981070,"2","NORMAN THOMAS HS (ECF) - MANHATTAN","Success Academy Charter School - Harlem 1 - M351 - M620 - 84M351 - 111 EAST  33RD STREET"
"W/""308042690""","Classroom Closed",882450000,"aeaf92f1-8711-ec11-b6e6-001dd8309bb0","9/17/2021","2021-09-17T04:00:00Z","048858","9/10/2021","2021-09-10T04:00:00Z","985 ROCKAWAY AVENUE","40,655,644.000000",40655644,"d2201dab-30f4-ea11-b882-24ee9a37d45c","Brooklyn",882450002,"-73,906,662.000000",-73906662,"23","I.S. 275 - BROOKLYN","Leadership Preparatory Brownsville Charter School - K711 - K275 - 84K711 - 985 ROCKAWAY AVENUE"
"W/""308064903""","No Intervention",882450002,"2ff7a3fa-9711-ec11-b6e6-001dd8309bb0","9/10/2021","2021-09-10T04:00:00Z","048878","9/9/2021","2021-09-09T04:00:00Z","1000 TELLER AVENUE","40,827,438.000000",40827438,"9abfa431-33f4-ea11-b882-24ee9a37d45c","Bronx",882450001,"-73,914,067.000000",-73914067,"9","I.S. 145 - BRONX","Success Academy Charter School - Bronx 3 - X380 - X145 - 84X380 - 1000 TELLER AVENUE"
"W/""308068195""","Classroom Closed",882450000,"9c1d0d3d-9a11-ec11-b6e6-001dd8309bb0","9/13/2021","2021-09-13T04:00:00Z","048879","9/10/2021","2021-09-10T04:00:00Z","34 WEST 118 STREET","40,802,649.000000",40802649,"539f4974-31f4-ea11-b882-24ee9a37d45c","Manhattan",882450000,"-73,948,088.000000",-73948088,"3","P.S. 149 (TANDEM M207) - MANHATTAN","Success Academy Charter School - Harlem 1 - M351 - M149 - 84M351 - 34 WEST 118 STREET"
"W/""308060162""","Classroom Closed",882450000,"f207b787-9b11-ec11-b6e6-001dd8309bb0","9/11/2021","2021-09-11T04:00:00Z","048880","9/10/2021","2021-09-10T04:00:00Z","1420 EAST  68 STREET","40,620,537.000000",40620537,"8b03194f-30f4-ea11-b882-24ee9a37d45c","Brooklyn",882450002,"-73,912,914.000000",-73912914,"22","I.S. 78 - BROOKLYN","Success Academy Charter School - Bergen Beach - New York 4 - K781 - K078 - 84K781 - 1420 EAST  68 STREET"
"W/""308076285""","Classroom Closed",882450000,"ca444a2e-a511-ec11-b6e6-001dd8309bb0","9/17/2021","2021-09-17T04:00:00Z","048891","9/10/2021","2021-09-10T04:00:00Z","91-30 METROPOLITAN AVENUE","40,708,431.000000",40708431,"a372c880-32f4-ea11-b882-24ee9a37d45c","Queens",882450003,"-73,855,543.000000",-73855543,"28","METROPOLITAN AVENUE CAMPUS - QUEENS","PSAL - Metropolitan Campus - 28686 - Queens Metropolitan High School - Q686 - Q686 - 28Q686"
"W/""307990264""","Classroom Closed",882450000,"d1b83edb-790e-ec11-b6e6-001dd8309bd6","9/11/2021","2021-09-11T04:00:00Z","048709","9/6/2021","2021-09-06T04:00:00Z","2780 RESERVOIR AVENUE","40,869,061.000000",40869061,"a13aa668-33f4-ea11-b882-24ee9a37d45c","Bronx",882450001,"-73,897,066.000000",-73897066,"10","WALTON HS - X","Discovery High School - X549 - X430 - 10X549 - 2780 RESERVOIR AVENUE"
"W/""307940587""","Classroom Closed",882450000,"2358096f-bd10-ec11-b6e6-001dd8309bd6","9/13/2021","2021-09-13T04:00:00Z","048793","9/9/2021","2021-09-09T04:00:00Z","138-30 LAFAYETTE STREET","40,670,905.000000",40670905,"9169c231-32f4-ea11-b882-24ee9a37d45c","Queens",882450003,"-73,845,992.000000",-73845992,"27","I.S. 202 - QUEENS","J.H.S. 202 Robert H. Goddard - Q202 - Q202 - 27Q202 - 138-30 LAFAYETTE STREET"
"W/""307973226""","Classroom Closed",882450000,"267330f8-ce10-ec11-b6e6-001dd8309bd6","9/9/2021","2021-09-09T04:00:00Z","048807","9/9/2021","2021-09-09T04:00:00Z","3109 NEWKIRK AVENUE","40,640,551.000000",40640551,"23d8cf12-31f4-ea11-b882-24ee9a37d45c","Brooklyn",882450002,"-73,947,025.000000",-73947025,"22","P.S. 361  (OLD 89) - BROOKLYN","Success Academy Charter School - Bergen Beach - New York 4 - K781 - K864 - 84K781 - 3109 NEWKIRK AVENUE"
"W/""307971542""","Classroom Closed",882450000,"2cc35701-d010-ec11-b6e6-001dd8309bd6","9/11/2021","2021-09-11T04:00:00Z","048808","9/9/2021","2021-09-09T04:00:00Z","330 CROWN STREET","40,665,757.000000",40665757,"31ebaa73-30f4-ea11-b882-24ee9a37d45c","Brooklyn",882450002,"-73,949,243.000000",-73949243,"17","P.S. 161 - BROOKLYN","Success Academy Charter School - Crown Heights - K741 - K161 - 84K741 - 330 CROWN STREET"
"W/""308010934""","No Intervention",882450002,"30e78ced-d010-ec11-b6e6-001dd8309bd6","9/10/2021","2021-09-10T04:00:00Z","048810","9/9/2021","2021-09-09T04:00:00Z","70 Tompkins Avenue","40,696,698.000000",40696698,"eb1aad3c-30f4-ea11-b882-24ee9a37d45c","Brooklyn",882450002,"-73,947,557.000000",-73947557,"14","I.S. 33 - BROOKLYN","Success Academy Charter School - Bed-Stuy 1 - K367 - K033 - 84K367 - 70 Tompkins Avenue"
"W/""307730357""","Classroom Closed",882450000,"d88059f1-d50f-ec11-b6e6-001dd8309fe6","9/13/2021","2021-09-13T04:00:00Z","048713","9/8/2021","2021-09-08T04:00:00Z","60 Catherine Street","40,711,574.000000",40711574,"44e95536-4afb-ea11-b883-24ee9a37d459",,,"-73,996,842.000000",-73996842,"2","Hamilton Madison House CCC","Hamilton Madison House Earlylearn Center 2 - MAPM - MBBK -  - 60 Catherine Street"
"W/""307997447""","Classroom Closed",882450000,"553360b1-cb10-ec11-b6e6-001dd8309fe6","9/13/2021","2021-09-13T04:00:00Z","048804","9/10/2021","2021-09-10T04:00:00Z","1619 BOSTON ROAD","40,836,245.000000",40836245,"3c474313-33f4-ea11-b882-24ee9a37d45c","Bronx",882450001,"-73,890,591.000000",-73890591,"12","I.S. 98 - BRONX","Explorations Academy H.S. - X251 - X098 - 12X251 - 1619 BOSTON ROAD"
